<beans xmlns="http://www.springframework.org/schema/beans" 
xmlns:xsi="http://www.w3.org/2001/XMLSchema-instance" 
xmlns:context="http://www.springframework.org/schema/context" 
xmlns:mvc="http://www.springframework.org/schema/mvc" 
xsi:schemaLocation="http://www.springframework.org/schema/beans 
http://www.springframework.org/schema/beans/spring-beans.xsd 
http://www.springframework.org/schema/context 
http://www.springframework.org/schema/context/spring-context-4.1.xsd 
http://www.springframework.org/schema/mvc 
http://www.springframework.org/schema/mvc/spring-mvc-4.1.xsd"> 
	
	<!-- scan the package and the sub package --> 
	<context:component-scan base-package="thymeleafexamples.gtvg"/> 
	<!-- don't handle the static resource --> 
	<mvc:default-servlet-handler /> 
	<!-- if you use annotation you must configure following setting --> 
	<mvc:annotation-driven /> 
	
	<bean id="templateResolver"
       class="org.thymeleaf.templateresolver.ServletContextTemplateResolver">
	  <property name="prefix" value="/WEB-INF/templates/" />
	  <property name="suffix" value=".html" />
	</bean>
	
	<bean id="templateEngine"
	      class="org.thymeleaf.spring4.SpringTemplateEngine">
	  <property name="templateResolver" ref="templateResolver" />
	</bean>
	
	<bean class="org.thymeleaf.spring4.view.ThymeleafViewResolver">
	  <property name="templateEngine" ref="templateEngine" />
	</bean>
</beans>

